{"cameraMode":{"drawMode":0,"name":"Shaded","section":"Shading Mode"},"sceneLighting":true,"audioPlay":false,"sceneViewState":{"m_AlwaysRefresh":false,"showFog":true,"showSkybox":true,"showFlares":true,"showImageEffects":true,"showParticleSystems":true,"showVisualEffectGraphs":true,"m_FxEnabled":true},"in2DMode":false,"pivot":{"x":12.060001373291016,"y":4.8600006103515629,"z":-1.5699996948242188},"rotation":{"x":0.27812862396240237,"y":-0.19927313923835755,"z":0.05910687521100044,"w":0.9378134608268738},"size":12.124356269836426,"orthographic":false}