{"cameraMode":{"drawMode":0,"name":"Shaded","section":"Shading Mode"},"sceneLighting":false,"audioPlay":false,"sceneViewState":{"m_AlwaysRefresh":false,"showFog":true,"showSkybox":false,"showFlares":true,"showImageEffects":true,"showParticleSystems":true,"showVisualEffectGraphs":true,"m_FxEnabled":true},"in2DMode":false,"pivot":{"x":11.411359786987305,"y":1.7655861377716065,"z":5.005749225616455},"rotation":{"x":-0.24673466384410859,"y":-0.0023283185437321665,"z":0.0005929236067458987,"w":-0.969080924987793},"size":0.3073950409889221,"orthographic":false}