{"cameraMode":{"drawMode":0,"name":"Shaded","section":"Shading Mode"},"sceneLighting":true,"audioPlay":false,"sceneViewState":{"m_AlwaysRefresh":false,"showFog":true,"showSkybox":true,"showFlares":true,"showImageEffects":true,"showParticleSystems":true,"showVisualEffectGraphs":true,"m_FxEnabled":true},"in2DMode":false,"pivot":{"x":4.0385026931762699,"y":10.267003059387207,"z":1.8521262407302857},"rotation":{"x":-0.28676092624664309,"y":0.6713753342628479,"z":-0.31837835907936098,"w":-0.6047053337097168},"size":17.828693389892579,"orthographic":false}